[Politecnica Valladolid","01/01/12","T"],
["Carlos Lacasta","01/01/12","T"],
["Maru Garc? de la Cruz","01/01/12","T"],
["Javier Ramos Choya","06/01/12","T"],
["Carlos Domi??ez Sa?chez","07/01/12","F"],
["Luis Antonio Gonzalez de Torre","09/01/12","T"],
["Luis Gonzalez de Torre","09/01/12","F"],
["Luis Gonzalez de Torre","09/01/12","F"],
["Pablo M?ndez","12/01/12","T"],
["Adrion Velasco","12/01/12","F"],
["Pablo Mendez Barrio","12/01/12","F"],
["Pablo Sola Dna","13/01/12","T"],
["Manuel Zapatero Herrera","14/01/12","T"],
["Oliver del R? Rodr?uez","14/01/12","T"],
["Susana ?arez","17/01/12","T"],
["Natalita Gonz?? San Jose","01/02/12","T"],
["Nano Junco Renedo","08/02/12","T"],
["Alberto G?ez Reyes","08/02/12","T"],
["Nano Junco Renedo","08/02/12","F"],
["David Victorio Pino","10/02/12","T"],
["Samer Aal","11/02/12","F"],
["Alvaro Gonzalez Prieto","12/02/12","T"],
["Luis Alberto Perez Velazquez","14/02/12","T"],
["Luis Alberto Perez Velazquez","14/02/12","F"],
["helena mata mendez","15/02/12","T"],
["Helena Mata","15/02/12","F"],
["Beatriz Albarran Severo","15/02/12","F"],
["Jorge Gail Gil","16/02/12","T"],
["Madeleine Morrondo","19/02/12","T"],
["Meluko Dyane Seis","22/02/12","T"],
["David Santiago Villar","22/02/12","T"],
["David Santiago Villar","22/02/12","F"],
["Elena Pastor","23/02/12","T"],
["Elena Pastor Rivera","23/02/12","F"],
["Sergio Martin Vegazo","24/02/12","T"],
["Ver?nica Puertas","28/02/12","F"],
["Fran Avedillo","28/02/12","F"],
["Fran Avedillo Avedillo","01/03/12","T"],
["Ernesto Zarzuela Cortijo","09/03/12","T"],
["Juan Jose Ortega","14/03/12","T"],
["Ana Sanchez","14/03/12","T"],
["VStor de Diego Pascual","20/03/12","T"],
["Ana Martin Ucero","21/03/12","T"],
["Jaime del Val Gomez","22/03/12","T"],
["Marta Guiles","30/03/12","T"],
["Marta GOiles","30/03/12","F"],
["Lor Ena","31/03/12","F"],
["Evelyn Ma?oso Mart?n","03/04/12","F"],
["Pablo Abascal","05/04/12","T"],
["Elena Salas Trujillano","06/04/12","T"],
["Jos? Antonio Rodriguez Arroyo","12/04/12","T"],
["Tomos Rodr?guez Rubio","13/04/12","F"],
["maribel rubio g?ez","15/04/12","T"],
["Maru Gatoh?lica","15/04/12","F"],
["Sara Salvador Rodr?uez","19/04/12","T"],
["Javier ?arez Perel?tegui","19/04/12","T"],
["Adriana Martin","19/04/12","F"],
["Javier ?lvarez Perel?tegui","19/04/12","F"],
["Susana martin","20/04/12","T"],
["Susana Martin","20/04/12","F"],
["jorge burgoa","22/04/12","T"],
["Jorge Burgoa","22/04/12","F"],
["Raul Ugidos","24/04/12","T"],
["Raul Ugidos","24/04/12","F"],
["Annemarie Murphy-rogers","03/05/12","F"],
["Diego Herrero Santiago","09/05/12","T"],
["Igor Polo","09/05/12","T"],
["maria albillos blanco","09/05/12","T"],
["Mar?a Albillos Blanco","09/05/12","F"],
["Sara Dom?guez Garc?","12/05/12","T"],
["Jose Antonio Y?? Jim?nez","16/05/12","T"],
["Luis Fernando Serrano","17/05/12","T"],
["N?lida Montoya","23/05/12","F"],
["Auxi P?rez Rico","24/05/12","T"],
["Auxi P?rez","24/05/12","F"],
["Alex Arriazu","25/05/12","T"],
["Don Alejandro Arriazu","25/05/12","F"],
["Vicky Collar","04/06/12","F"],
["Makis gab","09/06/12","T"],
["Marta Sancho Albanchez","10/06/12","T"],
["Pablo A-A","11/06/12","T"],
["Blanca Pericet","12/06/12","T"],
["Alejandro G?ez","15/06/12","T"],
["Laura San Miguel Hoyas","19/06/12","F"],
["David Delgado Labrador","23/06/12","F"],
["Marta Cubero Arroyo","23/06/12","F"],
["Alvaro Mart? L?ez","24/06/12","T"],
["Tamara Dominguez Crespo","24/06/12","T"],
["Silvia Roche Beltr??8/06/12","T"],
["Javier Silleras Sobr?","28/06/12","T"],
["Pablo C?sar Nieto L?ez","29/06/12","T"],
["Virgilio Gonzalez Peinador","03/07/12","T"],
["Adriana Sanz Bernal","06/07/12","T"],
["Maite Herranz","06/07/12","F"],
["Andrea Bermudez","10/07/12","T"],
["desiree perez montes","12/07/12","T"],
["Sunset Lover","13/07/12","T"],
["Gregory Fraile Iba�z","13/07/12","T"],
["Jana Fernaz Gutierrez","15/07/12","T"],
["Mar? Valencia","22/07/12","T"],
["Carmen Mos","22/07/12","F"],
["Sixto Sentido","26/07/12","F"],
["Eduardo Vaquero","04/08/12","T"],
["Alberto de la Cruz","05/08/12","F"],
["Agustin Ja Calvo","06/08/12","F"],
["Ruth Mart? Sanz","17/08/12","T"],
["Elena Garz? Fern??z","22/08/12","T"],
["Jose Aguado Da Costa","01/09/12","T"],
["Melania Ruiz","01/09/12","T"],
["Galia Nikolaeva Nankova","05/09/12","T"],
["Pablo Maza Mart?n","07/09/12","F"],
["Luismi Nieto","09/09/12","T"],
["Silvia Potente Gonz??","16/09/12","T"],
["Marta Tovar Cabrera","20/09/12","T"],
["Berrueces de Campos","20/09/12","T"],
["David Martin","20/09/12","T"],
["Alberto Martin","20/09/12","F"],
["David Martin Del","20/09/12","F"],
["Alfonso M??ez S??ez","21/09/12","T"],
["Jota Navarro","27/09/12","T"],
["M?riam Bravo","01/10/12","F"],
["Emilio Jurado","07/10/12","T"],
["Cristina Herranz Bachiller","07/10/12","F"],
["Esther Gonz??","08/10/12","T"],
["Louay Khamaj","10/10/12","F"],
["?aro L?ez L?ez","14/10/12","T"],
["Klan Vigilanti","17/10/12","T"],
["Sandra M?ndez","17/10/12","F"],
["Cricri de la Serna Recio","19/10/12","T"],
["VStor Garc? Verdugo","21/10/12","T"],
["I?ki Fdez","25/10/12","T"],
["Luis Angel de la Cruz Valbuena","26/10/12","T"],
["Eli Gonz?? Hern??z","31/10/12","T"],
["Goyo Sanzo Pedrero","03/11/12","T"],
["Ana Garcia","06/11/12","T"],
["Claudia Stornelli","09/11/12","F"],
["Perla Cicero","15/11/12","T"],
["Ana Marta Monje","15/11/12","T"],
["Iv??ub?n L?ez N?ez","15/11/12","T"],
["Ana Marta Monje","15/11/12","F"],
["Perla Cicero","15/11/12","F"],
["Jose Solano","18/11/12","F"],
["Jorge Gonz?? Hidalgo","24/11/12","T"],
["Maru Motilla Serrano","25/11/12","T"],
["Morduak Snow","25/11/12","T"],
["Psyquedelia Squalls","25/11/12","F"],
["Jorge Garc? Romero","27/11/12","T"],
["Federico Javier Quintana Velasco","30/11/12","F"],
["Ernesto Rodr?uez-Monsalve ?arez","07/12/12","T"],
["Virginia Garcia","11/12/12","T"],
["Borja Rodriguez Fermoso","12/12/12","T"],
["Sandra Ollero Garc? Parra","13/12/12","T"],
["David Gancedo Minguez","15/12/12","T"],
["Elena PS","15/12/12","F"],
["Javier Alfonso","15/12/12","F"],
["Almudena Brezmes","21/12/12","T"]